<?xml version="1.0" encoding="UTF-8"?>
<project-private xmlns="http://www.netbeans.org/ns/project-private/1">
    <editor-bookmarks xmlns="http://www.netbeans.org/ns/editor-bookmarks/2" lastBookmarkId="0"/>
    <open-files xmlns="http://www.netbeans.org/ns/projectui-open-files/2">
        <group>
            <file>file:/home/duclt/HUST/ict1.k62s.20201-06/Project/EcoBike/test/ecobike/user/rent/RentBikeControllerTest.java</file>
            <file>file:/home/duclt/HUST/ict1.k62s.20201-06/Project/EcoBike/src/ecobike/main/MainController.java</file>
            <file>file:/home/duclt/HUST/ict1.k62s.20201-06/Project/EcoBike/src/ecobike/database/IDatabase.java</file>
            <file>file:/home/duclt/HUST/ict1.k62s.20201-06/Project/EcoBike/src/ecobike/database/IDatabaseSQL.java</file>
            <file>file:/home/duclt/HUST/ict1.k62s.20201-06/Project/EcoBike/src/ecobike/database/Credentials.java</file>
            <file>file:/home/duclt/HUST/ict1.k62s.20201-06/Project/EcoBike/src/ecobike/main/Main.java</file>
            <file>file:/home/duclt/HUST/ict1.k62s.20201-06/Project/EcoBike/src/ecobike/user/rent/RentBikeController.java</file>
            <file>file:/home/duclt/HUST/ict1.k62s.20201-06/Project/EcoBike/src/ecobike/database/SQLDatabase.java</file>
            <file>file:/home/duclt/HUST/ict1.k62s.20201-06/Project/EcoBike/test/ecobike/user/returns/ReturnBikeControllerTest.java</file>
            <file>file:/home/duclt/HUST/ict1.k62s.20201-06/Project/EcoBike/src/ecobike/user/bike/list/UserBikeController.java</file>
        </group>
    </open-files>
</project-private>
